RUT;DV
0;0
1;9
2;7
3;5
4;3
5;1
19;1
50;7
100;7
111;2
178;3
426;K
661;0
825;7
941;5
1500;8
16327;9
16355;4
20665;2
56251;3
66778;1
126224;6
172717;6
548125;2
559169;4
708419;6
788109;6
788395;1
1265309;3
1482875;3
1664228;2
11111111;1
16912869;3
22222222;2
23321796;4
23456666;0
28888888;4
29753636;2
29999999;8
30404699;6
31212121;2
33000000;7
33000004;K
33000005;8
33000006;6
33000007;4
33100000;0
33100001;9
33100002;7
33100003;5
33100004;3
33100005;1
33100006;k
33100007;8
33100008;6
33100009;4
33100010;8
33100011;6
33100012;4
33100013;2
33100014;0
33100015;9
33100016;7
33100017;5
33100018;3
33100019;1
33100020;5
33100021;3
33100022;1
33100023;K
33100024;8
33100025;6
33100026;4
33100027;2
33100028;0
33100029;9
33100030;2
33100031;0
33100032;9
33100033;7
33100034;5
33100035;3
33100036;1
33100037;K
33100038;8
33100039;6
33100040;K
33100041;8
33100042;6
33100043;4
33100044;2
33100045;0
33100046;9
33100047;7
33100048;5
33100050;7
33100051;5
33100052;3
33100053;1
33100054;K
33100236;4
33333001;6
33333002;4
33333003;2
33333004;0
33333005;9
33333006;7
33333007;5
33333008;3
33333009;1
33333010;5
33333011;3
33333012;1
33333013;K
33333014;8
33333015;6
33333016;4
33333017;2
33333018;0
33333019;9
33333020;2
33333021;0
33333022;9
33333023;7
33333024;5
33333025;3
33333026;1
33333027;K
33333028;8
33333029;6
33333030;K
33333031;8
33333032;6
33333033;4
33333034;2
33333035;0
33333036;9
33333037;7
33333038;5
33333039;3
33333040;7
33333331;7
33333332;5
33333333;3
33674553;5
33689599;5
33958548;2
34343433;2
34371610;9
34511111;5
34512651;1
34676711;1
35157386;4
35304923;2
35555555;0
35611111;7
35678888;5
35830776;0
36428780;1
36666662;1
36666666;4
36777771;0
36777777;K
36960914;9
37702906;2
37999991;3
38777777;6
38888881;4
38888888;1
38899911;K
39800003;K
39888888;K
39999991;K
39999996;0
39999998;7
39999999;5
40000000;K
40000535;4
40871693;4
41111111;3
41111114;8
41235666;7
42211111;5
42222222;7
42222233;2
42333333;2
42666666;9
42888888;K
43333311;K
43333331;4
43333332;2
43333334;9
43333336;5
43333338;1
43333339;K
43444441;1
43444767;4
43555555;1
43655611;K
43787882;K
43878781;K
43999999;3
44300250;2
44300251;0
44433222;0
44444412;6
44444413;4
44444441;K
44444442;8
44444444;4
44444445;2
44444446;0
44444447;9
44444448;7
44444449;5
44555445;6
44678793;4
44999999;1
45000000;0
45000001;9
45000002;7
45000003;5
45000004;3
45000005;1
45000006;K
45000007;8
45000008;6
45000009;4
45000010;8
45000011;6
45000012;4
45000013;2
45000014;0
45000015;9
45000016;7
45000017;5
45000018;3
45000019;1
45000020;5
45000021;3
45000022;1
45000023;K
45000024;8
45000025;6
45000026;4
45000027;2
45000028;0
45000029;9
45000030;2
45000031;0
45000032;9
45000033;7
45000034;5
45000035;3
45000036;1
45000037;K
45000038;8
45000039;6
45000040;K
45000041;8
45000042;6
45000043;4
45000044;2
45000045;0
45000046;9
45000047;7
45000048;5
45000049;3
45000050;7
45000051;5
45000052;3
45000053;1
45000054;K
45000055;8
45000056;6
45000057;4
45000058;2
45000059;0
45000060;4
45000061;2
45000062;0
45000063;9
45000064;7
45000065;5
45000090;6
45000091;4
45000092;2
45000093;0
45000094;9
45000095;7
45000096;5
45090000;1
45111111;6
45253452;5
45266626;K
45271560;0
45288188;8
45444444;2
45451511;0
45452323;7
45454545;1
45455545;7
45500000;9
45500001;7
45500002;5
45500003;3
45500004;1
45500005;K
45500006;8
45500007;6
45500008;4
45500009;2
45500010;6
45500011;4
45500012;2
45500013;0
45500014;9
45500015;7
45500016;5
45500017;3
45500018;1
45500019;K
45500020;3
45500021;1
45500022;K
45500023;8
45500024;6
45500025;4
45500026;2
45500027;0
45500028;9
45500029;7
45500030;0
45500031;9
45500032;7
45500033;5
45500034;3
45500035;1
45500036;K
45500037;8
45500038;6
45500039;4
45500040;8
45500041;6
45500042;4
45500043;2
45500044;0
45500045;9
45500046;7
45500047;5
45500048;3
45500049;1
45500050;5
45500051;3
45500052;1
45500053;K
45500054;8
45500055;6
45500056;4
45500057;2
45500058;0
45500059;9
45500060;2
45500061;0
45500062;9
45500063;7
45500064;5
45500065;3
45500066;1
45500067;K
45500068;8
45500069;6
45500070;K
45500071;8
45500072;6
45500100;5
45500101;3
45500102;1
45500103;K
45500104;8
45500105;6
45500106;4
45500107;2
45500108;0
45500109;9
45500110;2
45500111;0
45500112;9
45500113;7
45500114;5
45500115;3
45500116;1
45500117;K
45500198;6
45500400;4
45500401;2
45500402;0
45500403;9
45500404;7
45500405;5
45500406;3
45500407;1
45500408;K
45500409;8
45500496;9
45500497;7
45500498;5
45500499;3
45500500;0
45500501;9
45500502;7
45500503;5
45500504;3
45500505;1
45500508;6
45500509;4
45500510;8
45500516;7
45500517;5
45500518;3
45500519;1
45500520;5
45500521;3
45500528;0
45500529;9
45500530;2
45500531;0
45500535;3
45500536;1
45500537;K
45500538;8
45535353;K
45555545;0
45555551;5
45555552;3
45555554;K
45555555;8
45555556;6
45565666;4
45645654;5
45654654;4
45666661;2
45666662;0
45666663;9
45666666;3
45666669;8
45667671;5
45699999;9
45754037;K
45765999;7
45788881;3
45788888;0
45878787;5
45887888;9
45897789;5
46111111;4
46222222;K
46543210;1
46666666;1
46988888;6
47019719;6
47019727;7
48002622;5
48012701;3
48029700;8
48060582;9
48062322;3
48067842;7
48070428;2
48072934;K
48072935;8
48072936;6
48072962;5
48072966;8
48073266;9
48073561;7
48074346;6
48074493;4
48078251;8
48079039;1
48079075;8
48079436;2
48080155;5
48089741;2
48089742;0
48093258;7
48098337;8
48098746;2
48100961;8
48104374;3
48108534;9
48109451;8
48112133;7
48112279;1
48112552;9
48112624;K
48113144;8
48113328;9
48113623;7
48114346;2
48114921;5
48115217;8
48115338;7
48116117;7
48118525;4
48118584;K
48119162;9
48119727;9
48122858;1
48123470;0
48123485;9
48123486;7
48123487;5
48123489;1
48124743;8
48124758;6
48126980;6
48127425;7
48127791;4
48127937;2
48128019;2
48128749;9
48129644;7
48132917;5
48136817;0
48136819;7
48137108;2
48137444;8
48138373;0
48138374;9
48138945;3
48139734;0
48140062;7
48140769;9
48144474;8
48144596;5
48147622;4
48148587;8
48149284;K
48150287;K
48152385;0
48153072;5
48155324;5
48155361;K
48156344;5
48157306;8
48158967;3
48159207;0
48159796;K
48160753;1
48161762;6
48161901;7
48163323;0
48163824;0
48165975;2
48167590;1
48168040;9
48168234;7
48170181;3
48170266;6
48170513;4
48173092;9
48175446;1
48176175;1
48176193;K
48176224;3
48176372;K
48176524;2
48181783;8
48181948;2
48181949;0
48182380;3
48182651;9
48183339;6
48184147;K
48184718;4
48185505;5
48186149;7
48187212;K
48187521;8
48188270;2
48188760;7
48188917;0
48189139;6
48189216;3
48189218;K
48189220;1
48189377;1
48189940;0
48189943;5
48190156;1
48190286;K
48190360;2
48190419;6
48190643;1
48190869;8
48191054;4
48191207;5
48191275;K
48191311;K
48191373;K
48191738;7
48191748;4
48191778;6
48191869;3
48191870;7
48191905;3
48192003;5
48192004;3
48192412;K
48192857;5
48193060;K
48193211;4
48193485;0
48193500;8
48193580;6
48193986;0
48194106;7
48194762;6
48194820;7
48194934;3
48195094;5
48195273;5
48195673;0
48195804;0
48196030;4
48196180;7
48196212;9
48196245;5
48196784;8
48196995;6
48197222;1
48198054;2
48198286;3
48198665;6
48198773;3
48198841;1
48199584;1
48199627;9
48199647;3
48200243;9
48204303;8
48204316;K
48205827;2
48206251;2
48206254;7
48206314;4
48206414;0
48206607;0
48207143;0
48207727;7
48208008;1
48208347;1
48208759;0
48208763;9
48208764;7
48209037;0
48209038;9
48209580;1
48209818;5
48210030;9
48210031;7
48210257;3
48210365;0
48210508;4
48210837;7
48210956;K
48211576;4
48215554;5
48215556;1
48755455;3
48888888;9
49000000;3
49005096;5
50000011;2
50806730;5
50895380;1
50900450;1
50902820;6
50917700;7
52001620;1
53247040;4
53276690;7
53300925;5
53302278;2
53305222;3
53306045;5
53306054;4
53306787;5
53307145;7
53307165;1
53307399;9
53307404;9
53307581;9
53307590;8
53307778;1
53308616;0
53309231;4
53309797;9
53309802;9
53309844;4
53309931;9
53310613;7
53310873;3
53310944;6
53311418;0
53311603;5
53312651;0
53312838;6
53312874;2
53312905;6
53313000;3
53313193;K
53313894;2
53314218;4
53314620;1
53315153;1
53315168;K
53315244;9
53315440;9
53315505;7
53315526;K
53315883;8
53315970;2
53315989;3
53316108;1
53316315;7
53316359;9
53316362;9
53316417;K
53316606;7
53316756;K
53316886;8
53317296;2
53317335;7
53317336;5
53317337;3
53317513;9
53317694;1
53317772;7
53317943;6
53318163;5
53318392;1
53318428;6
53318585;1
53318628;9
53318689;0
53319179;7
53319180;0
53320253;5
53320524;0
53321040;6
53321068;6
53321103;8
53321108;9
53321151;8
53321485;1
53321761;3
53321782;6
53322024;K
53322601;9
53322856;9
53322881;K
53323265;5
53323312;0
53323424;0
53323505;0
53323549;2
53323627;8
53323635;9
53323773;8
53323995;1
53324073;9
53324213;8
53324234;0
53324237;5
53324357;6
53324461;0
53324604;4
53324666;4
53324708;3
53324727;K
53324751;2
53324982;5
53325233;8
53325327;K
53325441;1
53325564;7
53325610;4
53325699;6
53325752;6
53325796;8
53325797;6
53325798;4
53325936;7
53325943;K
53326007;1
53326008;K
53326009;8
53326030;6
53326034;9
53330221;1
53330392;7
53331091;5
53331516;K
53331572;0
53331574;7
53331576;3
53331683;2
53331716;2
53331908;4
53332123;2
53332152;6
53332282;4
53332339;1
53333620;5
53333665;5
53333739;2
53333741;4
53333742;2
53333750;3
53333751;1
53333822;4
53333823;2
53333826;7
53333830;5
53333833;K
53333873;9
53333880;1
53333921;2
53333925;5
53333944;1
53333977;8
53334000;8
53334001;6
53334002;4
53334003;2
53334004;0
53334005;9
53334009;1
53334010;5
53334011;3
53334012;1
53334014;8
53334019;9
53334037;7
53334043;1
53334044;K
53334045;8
53334052;0
53334053;9
53334054;7
53334060;1
53334077;6
53334078;4
53334079;2
53334080;6
53334083;0
53334084;9
53334087;3
53334093;8
53334095;4
53334099;7
53334100;4
53334105;5
53334113;6
53334114;4
53334115;2
53334116;0
53334148;9
53334151;9
53334152;7
53334155;1
53334159;4
53334160;8
53334162;4
53334163;2
53334164;0
53334165;9
53334166;7
53334167;5
53334168;3
53334170;5
53334171;3
53334176;4
53334177;2
53334179;9
53334180;2
53334182;9
53334183;7
53334184;5
53334185;3
53334188;8
53334192;6
53334196;9
53334197;7
53334200;0
53334201;9
53334207;8
53334211;6
53334217;5
53334218;3
53334250;7
53334283;3
53334295;7
53334296;5
53334297;3
53334300;7
53334302;3
53334310;4
53334312;0
53334313;9
53334314;7
53334322;8
53334325;2
53334326;0
53334327;9
53334329;5
53334330;9
53334335;K
53334336;8
53334350;3
53334351;1
53334368;6
53334375;9
53334376;7
53334377;5
53334378;3
53334379;1
53334381;3
53334382;1
53334383;K
53334384;8
53334385;6
53334386;4
53334388;0
53334392;9
53334393;7
53334395;3
53334403;8
53334407;0
53334433;K
53334434;8
53334435;6
53334465;8
53334466;6
53334467;4
53334468;2
53334469;0
53334478;K
53334486;0
53334488;7
53334489;5
53334490;9
53334497;6
53334499;2
53334500;K
53334501;8
53334502;6
53334503;4
53334504;2
53334513;1
53334532;8
53334556;5
53334557;3
53334562;K
53334563;8
53334570;0
53334584;0
53334585;9
53334586;7
53334614;6
53334615;4
53334651;0
53334682;0
53334683;9
53334684;7
53334698;7
53334699;5
53334735;5
53334778;9
53334815;7
53334858;0
53334863;7
53334864;5
53334865;3
53334870;K
53334872;6
53334878;5
53334886;6
53334888;2
53334915;3
53334955;2
53334979;K
53335026;7
53335027;5
53335028;3
53335029;1
53335033;K
53335086;0
53335087;9
53335088;7
53335090;9
53335183;2
55555555;5
55836214;6
56084610;K
59060440;2
59071670;7
59084190;0
59084250;8
59128450;9
59135560;0
59135740;9
59144670;3
59150190;9
59150380;4
59152490;9
59153160;3
59154250;8
59159800;7
59160320;5
59163330;9
59171510;0
59171890;8
59173930;1
59177740;8
59183160;7
59185150;0
59191290;9
59191890;7
59194400;2
59195180;7
59196210;8
59197830;6
59200180;2
59202220;6
59202230;3
59202740;2
59211500;K
59215200;2
59215970;8
59223040;2
59223860;8
59223870;5
59223880;2
59223890;K
59223910;8
59223970;1
59223980;9
59223990;6
59224030;0
59224070;K
59224090;4
59224100;5
59236170;1
59274230;6
59275270;0
59277960;9
59283390;5
59286180;1
59288270;1
59291150;7
59291370;4
59292130;8
59292210;K
59292220;7
59292230;4
59292250;9
59292350;5
59292360;2
59292440;4
59292470;6
59292570;2
59292600;8
59292630;K
59292660;1
59292700;4
59292760;8
59292810;8
59292840;K
59292860;4
59293180;K
59293200;8
59293460;4
59293520;1
59293630;5
59293650;K
61933700;K
61934500;2
61937000;7
61944500;7
61944600;3
61949300;1
61950300;7
61953900;1
61954000;K
61954100;6
61954200;2
61954300;9
61954700;4
61954800;0
61954900;7
61955400;0
61955500;7
61955600;3
61955700;K
61955800;6
61955900;2
61956000;0
61956100;7
61956800;1
61957200;9
61957400;1
61957800;7
61958200;4
61958800;2
61958900;9
61959400;2
61960500;4
61962900;0
61965500;1
61973600;1
61977650;K
61978880;K
61978930;K
61978940;7
61979510;5
65000316;0
65000388;8
65000601;1
65000698;4
65001228;3
65002955;0
65002975;5
65003666;2
65003997;1
65004489;4
65004523;8
65004524;6
65004602;1
65004726;5
65005229;3
65005246;3
65005684;1
65006268;K
65006364;3
65006789;4
65006864;5
65007252;9
65007302;9
65007489;0
65007842;K
65007993;0
65008192;7
65008315;6
65008575;2
65008987;1
65009307;0
65010203;7
65010228;2
65010241;K
65010461;7
65010966;K
65011552;K
65011683;6
65011834;0
65013633;0
65014017;6
65014113;K
65014834;7
65014889;4
65015295;6
65015401;0
65015555;6
65015587;4
65015597;1
65016025;8
65016103;3
65016726;0
65017251;5
65017765;7
65017881;5
65018190;5
65018421;1
65018671;0
65019205;2
65019229;K
65019466;7
65019515;9
65019814;K
65019932;4
65020362;3
65020492;1
65020798;K
65020848;K
65021191;K
65021460;9
65021621;0
65021689;K
65022513;9
65022693;3
65023154;6
65023372;7
65024484;2
65024516;4
65024862;7
65025331;0
65025474;0
65025854;1
65026032;5
65026679;K
65027044;4
65027063;0
65027799;6
65027979;4
65028881;5
65029245;6
65029727;K
65030016;5
65030293;1
65030326;1
65030659;7
65030916;2
65030970;7
65031185;K
65031972;9
65032049;2
65032053;0
65032352;1
65032909;0
65032937;6
65033142;7
65033149;4
65033368;3
65033780;8
65033998;3
65034168;6
65035011;1
65035453;2
65035664;0
65036205;5
65036511;9
65037008;2
65037455;K
65037930;6
65038413;K
65038473;3
65039355;4
65039522;0
65039701;0
65039717;7
65039859;9
65040205;7
65040408;4
65040429;7
65040858;6
65041445;4
65043245;2
65043506;0
65044963;0
65045034;5
65045473;1
65046514;8
65046599;7
65046945;3
65047077;K
65047104;0
65047138;5
65047421;K
65047778;2
65048616;1
65048775;3
65048829;6
65048845;8
65049102;5
65049282;K
65049986;7
65050518;2
65050904;8
65051321;5
65051376;2
65051493;9
65051575;7
65051706;7
65051813;6
65051972;8
65052583;3
65052791;7
65053337;2
65053361;5
65053399;2
65054027;1
65054750;0
65055582;1
65055826;K
65056196;1
65056346;8
65056854;0
65057282;3
65057591;1
65058467;8
65059019;8
65059075;9
65059184;4
65059322;7
65059437;1
65059588;2
65059654;4
65060327;3
65060571;3
65060769;4
65061365;1
65061613;8
65061912;9
65062068;2
65062634;6
65063606;6
65063728;3
65063818;2
65063998;7
65064045;4
65064299;6
65064728;9
65064757;2
65065131;6
65065363;7
65065785;3
65066436;1
65066447;7
65066506;6
65066537;6
65066582;1
65066594;5
65066638;0
65066949;5
65067705;6
65068679;9
65068736;1
65068821;K
65068928;3
65069027;3
65069367;1
65069695;6
65070641;2
65071492;K
65071589;6
65072521;2
65072804;1
65072842;4
65072846;7
65072934;K
65073895;0
65074067;K
65074255;9
65074651;1
65074751;8
65074816;6
65074907;3
65075044;6
65075699;1
65075808;0
65076259;2
65076286;K
65076744;6
65076982;1
65077023;4
65077051;K
65078485;5
65078693;9
65078849;4
65078968;7
65079702;7
65079746;9
65080392;2
65080748;0
65083501;8
65084696;6
65084789;K
65085853;0
65086308;9
65086364;K
65086621;5
65086661;4
65086807;2
65086982;6
65087029;8
65087558;3
65087759;4
65087794;2
65087795;0
65088002;1
65088581;3
65088711;5
65088796;4
65088982;7
65089063;9
65091646;8
65091706;5
65091734;0
65092116;K
65092392;8
65092584;K
65093941;7
65094213;2
65094269;8
65095212;K
65095432;7
65095831;4
65096197;8
65096773;9
65096853;0
65097201;5
65097601;0
65097824;2
65097926;5
65098456;0
65098645;8
65098915;5
65098991;0
65099221;0
65099391;8
65099805;7
65100395;4
65100414;4
65101034;9
65101115;9
65101128;0
65101204;K
65101279;1
65101475;1
65102648;2
65102732;2
65103431;0
65103651;8
65103768;9
65103846;4
65104262;3
65104596;7
65105146;0
65105671;3
65105734;5
65105776;0
65105807;4
65106464;3
65106684;0
65106906;8
65107073;2
65108123;8
65108254;4
65108995;6
65109168;3
65109456;9
65110048;8
65110429;7
65110709;1
65110792;K
65110834;9
65110894;2
65111027;0
65111359;8
65112014;4
65112066;7
65112089;6
65112505;7
65112685;1
65113103;0
65113369;6
65113609;1
65114011;0
65114324;1
65115013;2
65116138;K
65116229;7
65116283;1
65116433;8
65116632;2
65117804;5
65118064;3
65118626;9
65118806;7
65119517;9
65119983;2
65120266;3
65120635;9
65120957;9
65121369;K
65121966;3
65122404;7
65122684;8
65123227;9
65123563;4
65123604;5
65123769;6
65123836;6
65124026;3
65124756;K
65124835;3
65124966;K
65125438;8
65126134;1
65126256;9
65126533;9
65126761;7
65128481;3
65134083;7
65134222;8
65134284;8
65134448;4
65134518;9
65134546;4
65135034;4
65135619;9
65135621;0
65135624;5
65135625;3
65135644;K
65138545;8
65138677;2
65142536;0
65144041;6
65144338;5
65145198;1
65145411;5
65145794;7
65146139;1
65146504;4
65147226;1
65147454;K
65147691;7
65147832;4
65147951;7
65148657;2
65148984;9
65149994;1
65150105;9
65150814;2
65150903;3
65150982;3
65151285;9
65151383;9
65151978;0
65152225;0
65152372;9
65152791;0
65153061;K
65153967;6
65154133;6
65154177;8
65159549;5
65159686;6
65159951;2
65160078;2
65160198;3
65161023;0
65161044;3
65161202;0
65161241;1
65161339;6
65161787;1
65161839;8
65161968;8
65162002;3
65162172;0
65163199;8
65163528;4
65164003;2
65164004;0
65164008;3
65164015;6
65164071;7
65164095;4
65164261;2
65164262;0
65164263;9
65164483;6
65164484;4
65164485;2
65164488;7
65164491;7
65164494;1
65164495;K
65164496;8
65164497;6
65164498;4
65164502;6
65164504;2
65164507;7
65164512;3
65164514;K
65164515;8
65164519;0
65164521;2
65164522;0
65164527;1
65164675;8
65165126;3
65165458;0
65166081;5
65167045;4
65167429;8
65167645;2
65168546;K
65168731;4
65169017;K
65169285;7
65169984;3
65170207;0
65170308;5
65170321;2
65170376;K
65170946;6
65170991;1
65171028;6
65171168;1
65171546;6
65171875;9
65172157;1
65172223;3
65172584;4
65172817;7
65173014;7
65173661;7
65173835;0
65174348;6
65175090;3
65175548;4
65175954;4
65176738;5
65177703;8
65178034;9
65178277;5
65178722;K
65178981;8
65179208;8
65179255;K
65180003;K
65180039;0
65180599;6
65180902;9
65181005;1
65181006;K
65181895;8
65182161;4
65182177;0
65182866;K
65183026;5
65184168;2
65184427;4
65185833;K
65186304;K
65187095;K
65187146;8
65187297;9
65188428;4
65189720;3
65189796;3
65190824;8
65190959;7
65191073;0
65191085;4
65192016;7
65192169;4
65193153;3
65193287;4
65193414;1
65193791;4
65194147;4
65194348;5
65194605;0
65194957;2
65195556;4
65196065;7
65196068;1
65196393;1
65196607;8
65196697;3
65196936;0
65196937;9
65196938;7
65196939;5
65196942;5
65197182;9
65197183;7
65197259;0
65197267;1
65197268;K
65197435;6
65197436;4
65197446;1
65197503;4
65197589;1
65197611;1
65197647;2
65197923;4
65197926;9
65197927;7
65197928;5
65198012;7
65198014;3
65199483;7
65266810;0
65282020;4
65306020;3
65316270;7
65317270;2
65319460;9
65341950;3
65352830;2
65364440;K
65367150;4
65374500;1
65381870;K
65395990;7
65401800;6
65430930;2
65433910;4
65437060;5
65464470;5
65466190;1
65472320;6
65508070;8
65514960;0
65521480;1
65521660;K
65540530;5
65553300;1
65568690;8
65573470;8
65583320;K
65624720;7
65626320;2
65626970;7
65645330;3
65648070;K
65657510;7
65662530;9
65665550;K
65676620;4
65680870;5
65681420;9
65688700;1
65691470;K
65699490;8
65702300;0
65708290;2
65719260;0
65732040;4
65738120;9
65740030;0
65740670;8
65744040;K
65746650;6
65757090;7
65762220;6
65770180;7
65770910;7
65771520;4
65775540;0
65779370;1
65787190;7
65790620;4
65798300;4
65803500;2
65818180;7
65818960;3
65823990;2
65832410;1
65832990;1
65839210;7
65841580;8
65845110;3
65846840;5
65848110;K
65849560;7
65856400;5
65858020;5
65866100;0
65873900;K
65878150;2
65881170;3
65882530;5
65886790;3
65889650;4
65890750;6
65892570;9
65895880;1
65896770;3
65896990;0
65897790;3
65907870;8
65908850;9
65911720;7
65916370;5
65919770;7
65920280;8
65921810;0
65923030;5
65923640;0
65925360;7
65926030;1
65944240;K
65945200;6
65951030;8
65952870;3
65957910;3
65962970;4
65967090;9
65972530;4
65973260;2
65974340;K
65989910;8
65994570;3
65994790;0
65999453;4
66666666;6
69260100;9
69260200;5
69260300;1
69260500;4
69260600;0
69261600;6
69261700;2
69261800;9
69261900;5
69266150;8
69266170;2
69505200;6
69505700;8
69505800;4
69506200;1
69506600;7
69506800;K
69506900;6
69507000;4
69507100;0
69507900;1
69508000;K
69508600;8
69528760;7
69904600;0
69912200;9
69912500;8
69913000;1
69913100;8
69928700;8
70229300;6
70295900;4
70473200;7
70595904;8
70845500;8
72060100;1
72474200;9
72486600;K
72521600;9
72654700;9
72683900;K
73108400;9
73154200;7
73261200;9
73688800;9
73715600;1
73885200;1
74033100;0
74401500;6
74413400;5
74512500;K
74541100;2
74560000;K
74639800;K
75219300;2
75281800;2
75405500;6
75439100;6
75443200;4
75461300;9
75466200;K
75589500;8
75779700;3
75844600;K
75870900;0
75899300;0
75933600;3
75937790;7
75938850;K
75984670;2
75989960;1
76000493;6
76001194;0
76001348;K
76001389;7
76001861;9
76002678;6
76003018;K
76003353;7
76003749;4
76004041;K
76004194;7
76004304;4
76004726;0
76004907;7
76005563;8
76005798;3
76007165;K
76007514;0
76007521;3
76007525;6
76007589;2
76007617;1
76007629;5
76007644;9
76007651;1
76007672;4
76008472;7
76009684;9
76009868;K
76010408;6
76010892;8
76010963;0
76012862;7
76013153;9
76013919;K
76014326;K
76014515;7
76014789;3
76014912;8
76015392;3
76015501;2
76015927;1
76016275;2
76016987;0
76017753;9
76018016;5
76018022;K
76018362;8
76019011;K
76020312;2
76022076;0
76022079;5
76024022;2
76024267;5
76024422;8
76024791;K
76027944;7
76028051;8
76028676;1
76028945;0
76029611;2
76030812;9
76030973;7
76031233;9
76032061;7
76033601;7
76035639;5
76035641;7
76035642;5
76035661;1
76035808;8
76036237;9
76036239;5
76036246;8
76036694;3
76036765;6
76036992;6
76037749;K
76038802;5
76041655;K
76042907;4
76043785;9
76043786;7
76044439;1
76044475;8
76044667;K
76044673;4
76045785;k
76045789;2
76046886;K
76047107;0
76048244;7
76048418;0
76048848;8
76049137;3
76049555;7
76051127;7
76051163;3
76051362;8
76052099;3
76052508;1
76053575;3
76054098;6
76054557;0
76054595;3
76054605;4
76054771;9
76056227;0
76056229;7
76056238;6
76056241;6
76056263;7
76056267;K
76056272;6
76056274;2
76058573;4
76058976;4
76059882;8
76060732;0
76061224;3
76062084;K
76062378;4
76062381;4
76062382;2
76062383;0
76062398;9
76062429;2
76062632;5
76062639;2
76062642;2
76062987;1
76063804;8
76063817;K
76063978;8
76063979;6
76063981;8
76063983;4
76063989;3
76063991;5
76063993;1
76063999;0
76064002;6
76064004;2
76064129;4
76064469;2
76065459;0
76065524;4
76065525;2
76065529;5
76065532;5
76065533;3
76065536;8
76065539;2
76065573;2
76065575;9
76065576;7
76065577;5
76065578;3
76065579;1
76065581;3
76065582;1
76065583;K
76065584;8
76065585;6
76065591;0
76065689;5
76065861;8
76066857;5
76066859;1
76066893;1
76066895;8
76066896;6
76066897;4
76066898;2
76066899;0
76066902;4
76066903;2
76066904;0
76066905;9
76066906;7
76066908;3
76066909;1
76066911;3
76066923;7
76066925;3
76066928;8
76066932;6
76066942;3
76066975;K
76066985;7
76068163;6
76068172;5
76068205;5
76068206;3
76068207;1
76068208;K
76068209;8
76068211;K
76068212;8
76068213;6
76068214;4
76068215;2
76068216;0
76068217;9
76068218;7
76068965;3
76069039;2
76069825;3
76069828;8
76069831;8
76069932;2
76069936;5
76069937;3
76069938;1
76069939;K
76069941;1
76069943;8
76069944;6
76069946;2
76069949;7
76069951;9
76069952;7
76069953;5
76069956;K
76069983;7
76069984;5
76069985;3
76069998;5
76070707;4
76072067;4
76072373;8
76072374;6
76072377;0
76072378;9
76072379;7
76072381;9
76072382;7
76072383;5
76072384;3
76072385;1
76072386;K
76072392;4
76072394;0
76072395;9
76072398;3
76074347;K
76074351;8
76074359;3
76074361;5
76074362;3
76074363;1
76074365;8
76074367;4
76074368;2
76074369;0
76074371;2
76074373;9
76074374;7
76074382;8
76074384;4
76074448;4
76074449;2
76075241;K
76075844;2
76076121;4
76076123;0
76076127;3
76076128;1
76076134;6
76076135;4
76076145;1
76076146;K
76076147;8
76076148;6
76076149;4
76076151;6
76076152;4
76076153;2
76076156;7
76076168;0
76076783;2
76077319;0
76077546;0
76077558;4
76077645;9
76077646;7
76077647;5
76077648;3
76077649;1
76077652;1
76077653;K
76077654;8
76077657;2
76077658;0
76077659;9
76077661;0
76077665;3
76077667;K
76077669;6
76077681;5
76077728;5
76078671;3
76078672;1
76078674;8
76078675;6
76078676;4
76078677;2
76078678;0
76078679;9
76078681;0
76078682;9
76078683;7
76078684;5
76078685;3
76078686;1
76078687;K
76078688;8
76078689;6
76078697;7
76080471;1
76080744;3
76081475;K
76081686;8
76082261;2
76083025;9
76084241;9
76086401;3
76086402;1
76086501;K
76086575;3
76086576;1
76086646;6
76088276;3
76088283;6
76089672;1
76089869;4
76092623;K
76093605;7
76093623;5
76093816;5
76094393;2
76096316;K
76096317;8
76096318;6
76096319;4
76096321;6
76096322;4
76096323;2
76096324;0
76096325;9
76096326;7
76096327;5
76096328;3
76096329;1
76096331;3
76096332;1
76096335;6
76096337;2
76096339;9
76096349;6
76100163;9
76100752;1
76101068;9
76101548;6
76102044;7
76103342;5
76103343;3
76103462;6
76103463;4
76103464;2
76103465;0
76103467;7
76103468;5
76103469;3
76103471;5
76103476;6
76103477;4
76103478;2
76103483;9
76103562;2
76103678;5
76103789;7
76104302;1
76104303;K
76104304;8
76104305;6
76104306;4
76104307;2
76104308;0
76104309;9
76104311;0
76104312;9
76104313;7
76104316;1
76104322;6
76104324;2
76104349;8
76104584;9
76104903;8
76104979;8
76105021;4
76105171;7
76106696;K
76106801;6
76106854;7
76106856;3
76106858;K
76106905;5
76106906;3
76106908;K
76106909;8
76106911;K
76106912;8
76106913;6
76106914;4
76106915;2
76106916;0
76106917;9
76106918;7
76106924;1
76106934;9
76107518;7
76108151;9
76109492;0
76110812;3
76110963;4
76111825;0
76111837;4
76111839;0
76111841;2
76111894;3
76111896;K
76111897;8
76111898;6
76111901;K
76111902;8
76111903;6
76111904;4
76111971;0
76113032;3
76113103;6
76114484;7
76115124;K
76115129;0
76116917;3
76118559;4
76118562;4
76118563;2
76118565;9
76118566;7
76118567;5
76118568;3
76118569;1
76118571;3
76118573;K
76118574;8
76118575;6
76118576;4
76118577;2
76118578;0
76118579;9
76118584;5
76118643;4
76118654;K
76119191;8
76119581;6
76119968;4
76122712;2
76123525;7
76123532;K
76123617;2
76123893;0
76124363;2
76124446;9
76124989;4
76126038;3
76126996;8
76126998;4
76127079;6
76127081;8
76127082;6
76127085;0
76127565;8
76127729;4
76127735;9
76128381;2
76129209;9
76129448;2
76130258;2
76130438;0
76130467;4
76131478;5
76131555;2
76131957;4
76132335;0
76132341;5
76133719;K
76135823;5
76135843;K
76135865;0
76136344;1
76136412;K
76136927;K
76136935;0
76137345;5
76137353;6
76138557;7
76138575;5
76138744;8
76138831;2
76138832;0
76138833;9
76138834;7
76138835;5
76138836;3
76138837;1
76138838;K
76138842;8
76138846;0
76139172;0
76139173;9
76139174;7
76139178;K
76139181;K
76139183;6
76139184;4
76139185;2
76139186;0
76139188;7
76139191;7
76139192;5
76139194;1
76139196;8
76139211;5
76139237;9
76139259;K
76139363;4
76139597;1
76140178;5
76140884;4
76140885;2
76140886;0
76141326;0
76141331;7
76141334;1
76141345;7
76141441;0
76141448;8
76141449;6
76142426;2
76142427;0
76142611;7
76144024;1
76144378;K
76144385;2
76144779;3
76144786;6
76144841;2
76144991;5
76145108;1
76145177;4
76145181;2
76145183;9
76145189;8
76145406;4
76147487;1
76147491;K
76147557;6
76147558;4
76147559;2
76147564;9
76147565;7
76147566;5
76147567;3
76147568;1
76147569;K
76147571;1
76147572;K
76147573;8
76147574;6
76147576;2
76148783;3
76148873;2
76149194;6
76149723;5
76149919;K
76150318;9
76150404;5
76150405;3
76150406;1
76150407;K
76150408;8
76150409;6
76150411;8
76150412;6
76150413;4
76150414;2
76150415;0
76150416;9
76150417;7
76150419;3
76151973;5
76153477;7
76153478;5
76153482;3
76153486;6
76153487;4
76153488;2
76153491;2
76153492;0
76153494;7
76153495;5
76153502;1
76153503;K
76153507;2
76154141;2
76155683;5
76156223;1
76157026;9
76157086;2
76157087;0
76157089;7
76157091;9
76157092;7
76157094;3
76157095;1
76157096;K
76157099;4
76157101;K
76158909;1
76159219;K
76159558;K
76159564;4
76160503;8
76160736;7
76160929;7
76160975;0
76161039;2
76161088;0
76161448;7
76161614;5
76161622;6
76161626;9
76161628;5
76161632;3
76161635;8
76161636;6
76161645;5
76161691;9
76161695;1
76162825;9
76163086;5
76163459;3
76163565;4
76164353;3
76164588;9
76164932;9
76164934;5
76165007;6
76165009;2
76165011;4
76165013;0
76165014;9
76165015;7
76165016;5
76165017;3
76165018;1
76165019;K
76165021;1
76165024;6
76165025;4
76165173;0
76165174;9
76165291;5
76165408;K
76165428;4
76165535;3
76165538;8
76165542;6
76167199;5
76167201;0
76167208;8
76167209;6
76167392;0
76167916;3
76167919;8
76167921;K
76167924;4
76167925;2
76167926;0
76167929;5
76168285;7
76168307;1
76168434;5
76168436;1
76168438;8
76168443;4
76168444;2
76170516;4
76170564;4
76170653;5
76170655;1
76170657;8
76170658;6
76170659;4
76170661;6
76170663;2
76170664;0
76170665;9
76170985;2
76171506;2
76171704;9
76171836;3
76171878;9
76172674;9
76173111;4
76174365;1
76174372;4
76174872;6
76174874;2
76174875;0
76174876;9
76174878;5
76174879;3
76174881;5
76174882;3
76174883;1
76174884;K
76174885;8
76174886;6
76174887;4
76174888;2
76174889;0
76174894;7
76175124;7
76175316;9
76176244;3
76176893;K
76176904;9
76177005;5
76177647;9
76177673;8
76177886;2
76178497;8
76180027;2
76180072;8
76180688;2
76182855;K
76183861;K
76185939;0
76186210;3
76187399;7
76188216;3
76188513;8
76188785;8
76188792;0
76188837;4
76189475;7
76189526;5
76190324;1
76192408;7
76192734;5
76192748;5
76192752;3
76192758;2
76193167;9
76193306;K
76193307;8
76193309;4
76193314;0
76193315;9
76193316;7
76193317;5
76193318;3
76193319;1
76193322;1
76193324;8
76193327;2
76193482;1
76194681;1
76195661;2
76195664;7
76195681;7
76196387;2
76196445;3
76196446;1
76196447;K
76196448;8
76196795;9
76196914;5
76198173;0
76198291;5
76198382;2
76198905;7
76201122;0
76202292;3
76202293;1
76202294;K
76202542;6
76202551;5
76202576;0
76203091;8
76204562;1
76204757;8
76205407;8
76205499;K
76205761;1
76206056;6
76206619;K
76207058;8
76208036;2
76208277;2
76208551;8
76209118;6
76209252;2
76209253;0
76209254;9
76209255;7
76209257;3
76209258;1
76209259;K
76209261;1
76209264;6
76209269;7
76209274;3
76209833;4
76210194;7
76210381;8
76210475;K
76210585;3
76211254;K
76211313;9
76212543;9
76213205;2
76213324;5
76213725;9
76213855;7
76214143;4
76214537;5
76214774;2
76215793;4
76217621;1
76218473;7
76218952;6
76219984;K
76219985;8
76219987;4
76219988;2
76219989;0
76220023;6
76220139;9
76220692;7
76221173;4
76225171;K
76225233;3
76225234;1
76225235;K
76225239;2
76225242;2
76225987;7
76225988;5
76225989;3
76225991;5
76225993;1
76225995;8
76226014;K
76226217;7
76227165;6
76227174;5
76227175;3
76227176;1
76227178;8
76227181;8
76227195;8
76227201;6
76227202;4
76227203;2
76228116;3
76228118;K
76228121;K
76228123;6
76228139;2
76228141;4
76228143;0
76228144;9
76228145;7
76228146;5
76228148;1
76228149;K
76228151;1
76228656;4
76229004;9
76229005;7
76229006;5
76229009;K
76229034;0
76229038;3
76229039;1
76229041;3
76229045;6
76229049;9
76229831;7
76229988;7
76230877;0
76231971;3
76234466;1
76236971;0
76237612;1
76239391;3
76239406;5
76239409;K
76239411;1
76239412;K
76239413;8
76239414;6
76239415;4
76239471;5
76240205;K
76240609;8
76242466;5
76242469;K
76242477;0
76242479;7
76242481;9
76242483;5
76242485;1
76242486;K
76242487;8
76242489;4
76242494;0
76242498;3
76242505;K
76242506;8
76242573;4
76243217;K
76243683;3
76244037;7
76244114;4
76244115;2
76244116;0
76244117;9
76244122;5
76244125;K
76244433;K
76245585;4
76245591;9
76246192;7
76246411;K
76247255;4
76247642;8
76247649;5
76247663;0
76247714;9
76247716;5
76248287;8
76248617;2
76248618;0
76248619;9
76248621;0
76248622;9
76248623;7
76248624;5
76248631;8
76248634;2
76248681;4
76248687;3
76248688;1
76248696;2
76249499;K
76249786;7
76249912;6
76250283;6
76250284;4
76252191;1
76252192;K
76252194;6
76252196;2
76252197;0
76252236;5
76252237;3
76252238;1
76252239;K
76252241;1
76252242;K
76252246;2
76252247;0
76252251;9
76253954;3
76254479;2
76256789;K
76257262;1
76258249;K
76258527;8
76258569;3
76258866;8
76259432;3
76259851;5
76259852;3
76259853;1
76259854;K
76259858;2
76259859;0
76259862;0
76259863;9
76259866;3
76260945;2
76261851;6
76261852;4
76261854;0
76261856;7
76261858;3
76264413;4
76264712;5
76265567;5
76265853;4
76266176;4
76266681;2
76268663;5
76268704;6
76268706;2
76268707;0
76268708;9
76268797;6
76269446;8
76269448;4
76269449;2
76269455;7
76270323;8
76270324;6
76270325;4
76270326;2
76270327;0
76270328;9
76270329;7
76270331;9
76270332;7
76270333;5
76270334;3
76270335;1
76270441;2
76271341;1
76271482;5
76272206;2
76273908;9
76275587;4
76276338;9
76276341;9
76276342;7
76276343;5
76276345;1
76276347;8
76276348;6
76276351;6
76276354;0
76276355;9
76276356;7
76276357;5
76276358;3
76276359;1
76279003;3
76279004;1
76279006;8
76279007;6
76279008;4
76279011;4
76279012;2
76279013;0
76279014;9
76279015;7
76279016;5
76279017;3
76280477;8
76280722;K
76281876;0
76282859;6
76283779;K
76283894;K
76283895;8
76283896;6
76283897;4
76283898;2
76283899;0
76283901;6
76283902;4
76283903;2
76283906;7
76283907;5
76284047;2
76285989;0
76285991;2
76285992;0
76285993;9
76285994;7
76285995;5
76285996;3
76285997;1
76285998;K
76285999;8
76286001;5
76286002;3
76286003;1
76286004;K
76286005;8
76286006;6
76286007;4
76286008;2
76286009;0
76286011;2
76286012;0
76286014;7
76286017;1
76286026;0
76286027;9
76286028;7
76286029;5
76286031;7
76286032;5
76286033;3
76286034;1
76286035;K
76286036;8
76286037;6
76286038;4
76286039;2
76286041;4
76286042;2
76286046;5
76286047;3
76286048;1
76292630;K
76292896;5
76296524;0
76299744;4
76299893;9
76300481;3
76300482;1
76300483;K
76300488;0
76301061;9
76301119;4
76301597;1
76301598;K
76301599;8
76301601;3
76301602;1
76301603;K
76301608;0
76301611;0
76301612;9
76301613;7
76301614;5
76301615;3
76301616;1
76301617;K
76301626;9
76301629;3
76302865;8
76303193;4
76304672;9
76306807;2
76306808;0
76306809;9
76306811;0
76306812;9
76306813;7
76306814;5
76306815;3
76306816;1
76307185;5
76308663;1
76309312;3
76312016;3
76313536;5
76314186;1
76314617;0
76320310;7
76320692;0
76320798;6
76320892;3
76321202;5
76321512;1
76321862;7
76322180;6
76323796;6
76324909;3
76325289;2
76329122;7
76335089;4
76335384;2
76335879;8
76337973;6
76338782;8
76339471;9
76339472;7
76339473;5
76339474;3
76339475;1
76339476;K
76339478;6
76339479;4
76339481;6
76339482;4
76339483;2
76339486;7
76339487;5
76339488;3
76339506;5
76340516;8
76340517;6
76340518;4
76340519;2
76340521;4
76340522;2
76340523;0
76340524;9
76340525;7
76340528;1
76340532;K
76340534;6
76340537;0
76345016;3
76346978;6
76346979;4
76346981;6
76346982;4
76347516;6
76347517;4
76347519;0
76347521;2
76347522;0
76347523;9
76347525;5
76347855;6
76348959;0
76348992;2
76349393;8
76350509;K
76351491;9
76352726;3
76352915;0
76352987;8
76353683;1
76355612;3
76355613;1
76355614;K
76355615;8
76355616;6
76355617;4
76355618;2
76355619;0
76355621;2
76355622;0
76355624;7
76355625;5
76355644;1
76355645;K
76355646;8
76355647;6
76355649;2
76356735;4
76359961;2
76360497;7
76361166;3
76361273;2
76361993;1
76363217;2
76363506;6
76363878;2
76364546;0
76364943;1
76365042;1
76365653;5
76366147;4
76366149;0
76366152;0
76366154;7
76366155;5
76366156;3
76366157;1
76366158;K
76366159;8
76366389;2
76368113;0
76368114;9
76368115;7
76368129;7
76368195;5
76368197;1
76368199;8
76368202;1
76368203;K
76368205;6
76368208;0
76368211;0
76368213;7
76368218;8
76368219;6
76369342;2
76369522;0
76369524;7
76369525;5
76369526;3
76369527;1
76369548;4
76369549;2
76369551;4
76375359;K
76375726;9
76375765;K
76375838;9
76375842;7
76375968;7
76376009;K
76377866;5
76378365;0
76378512;2
76378513;0
76378514;9
76378515;7
76378516;5
76378517;3
76378521;1
76378522;K
76378523;8
76378524;6
76378525;4
76378526;2
76378527;0
76378528;9
76378529;7
76378531;9
76378532;7
76378535;1
76378536;K
76378629;3
76378867;9
76378997;7
76388991;2
76389001;5
76389002;3
76389006;6
76389007;4
76389009;0
76389013;9
76389014;7
76389015;5
76389019;8
76389022;8
76389076;7
76389077;5
76389524;6
76389805;9
76390817;8
76390917;4
76391642;1
76391746;0
76392005;4
76396655;0
76396656;9
76396657;7
76396732;8
76396735;2
76396806;5
76397202;K
76398428;1
76398458;3
76398471;0
76398862;7
76401869;9
76401871;0
76403111;3
76404264;6
76404279;4
76404950;0
76406033;4
76410401;3
76411077;3
76411079;K
76411082;K
76411083;8
76411084;6
76411085;4
76411086;2
76411087;0
76413588;1
76413591;1
76413592;K
76413594;6
76413595;4
76413596;2
76413597;0
76413598;9
76413599;7
76413601;2
76413602;0
76413603;9
76413604;7
76416038;K
76418938;8
76419290;7
76419650;3
76419800;K
76423490;1
76427883;6
76429510;2
76430360;1
76430370;9
76430380;6
76435578;4
76436120;2
76436550;K
76437901;2
76442440;9
76444257;1
76444772;7
76444933;9
76445496;0
76445799;4
76446283;1
76446468;0
76450552;2
76451250;2
76452692;9
76453214;7
76457413;3
76459744;3
76462337;1
76462943;4
76462944;2
76462974;4
76462997;3
76463211;7
76465089;1
76465092;1
76466238;5
76467902;4
76468522;9
76470567;K
76474087;4
76474180;3
76474226;5
76474253;2
76475751;3
76476105;7
76477739;5
76480164;4
76481110;0
76481631;5
76481983;7
76483589;1
76489400;6
76493231;5
76493463;6
76495049;6
76495585;4
76495720;2
76499461;2
76499525;2
76503396;9
76503464;7
76506160;1
76507763;K
76509672;3
76509722;3
76510145;K
76510972;8
76513504;4
76517807;K
76520298;1
76521780;6
76521970;1
76522000;9
76522030;0
76523860;9
76526863;K
76532459;9
76538110;K
76538130;4
76538143;6
76538190;8
76538693;4
76540060;0
76543008;9
76543681;8
76543682;6
76543683;4
76547495;7
76547512;0
76549395;1
76552126;2
76553519;0
76556980;K
76556990;7
76557010;7
76557030;1
76557040;9
76557050;6
76557080;8
76558170;2
76560669;1
76565404;1
76572145;8
76572146;6
76572642;5
76574978;6
76576445;9
76576790;3
76578997;4
76579148;0
76582768;K
76582887;2
76588024;6
76589942;7
76590049;2
76592469;3
76594652;2
76594815;0
76600056;8
76600350;8
76605940;6
76607304;2
76609631;K
76611682;5
76611729;5
76611770;8
76611780;5
76611790;2
76612010;5
76612070;9
76612260;4
76612390;2
76612500;K
76612630;8
76612640;5
76612700;2
76613160;3
76613800;4
76613901;9
76613920;5
76616365;3
76620922;K
76621930;6
76621940;3
76621960;8
76623230;2
76623340;6
76624530;7
76631595;K
76634060;1
76634080;6
76636661;9
76636820;4
76638930;9
76649775;6
76653140;7
76653150;4
76669873;5
76683453;1
76684452;9
76684455;3
76684456;1
76684541;K
76684549;5
76684572;K
76684578;9
76684581;9
76685796;5
76688975;1
76688978;6
76700795;7
76713200;K
76723360;4
76725840;2
76727128;K
76730409;9
76732381;6
76743830;3
76751270;8
76760720;2
76760880;2
76763390;4
76763430;7
76764260;1
76775158;3
76775449;3
76775451;5
76780451;2
76781330;9
76783307;5
76783308;3
76783309;1
76783315;6
76783316;4
76783318;0
76789060;5
76797866;9
76797867;7
76797868;5
76797869;3
76799610;1
76800288;6
76800741;1
76800742;K
76808320;7
76820160;9
76820230;3
76827447;9
76829010;5
76834440;K
76839975;1
76844270;3
76845450;7
76847363;3
76847364;1
76847540;7
76858180;0
76861920;4
76865910;9
76866620;2
76867340;3
76867440;K
76867970;3
76868020;5
76871124;0
76871610;2
76872500;4
76872820;8
76873714;2
76874266;9
76876670;3
76877192;8
76879472;3
76883580;2
76885550;1
76886780;1
76886800;K
76886810;7
76886890;5
76886970;7
76888330;0
76888350;5
76888427;7
76888460;9
76889500;7
76890670;K
76891010;3
76896630;3
76900010;0
76903390;4
76905290;9
76907380;9
76915997;5
76916260;7
76918210;1
76918715;4
76921322;8
76930469;K
76931015;0
76933140;9
76933644;3
76933686;9
76936550;8
76938650;5
76940150;4
76941010;4
76941200;K
76941280;8
76941630;7
76943980;3
76947980;5
76948050;1
76948120;6
76948160;5
76948220;2
76948320;9
76948590;2
76948600;3
76949329;8
76949600;9
76950298;K
76950350;1
76952320;0
76952370;7
76952380;4
76952510;6
76955520;K
76960180;5
76960190;2
76960200;3
76960210;0
76960232;1
76960294;1
76960380;8
76960530;4
76961640;3
76963090;2
76963850;4
76969560;5
76969840;K
76976720;7
76977040;2
76977290;1
76977660;5
77004430;8
77060652;7
77101757;6
77131383;3
77142129;6
77142425;2
77144819;4
77145008;3
77145013;K
77145015;6
77145652;9
77145734;7
77145903;K
77146058;5
77146112;3
77146125;5
77146143;3
77146184;0
77146293;6
77146418;1
77146756;3
77146887;K
77146891;8
77146901;9
77146998;1
77147004;1
77147105;6
77147124;2
77147482;9
77147525;6
77155036;3
77155037;1
77155287;0
77157811;K
77160644;K
77160645;8
77170261;9
77173696;3
77173703;K
77177142;4
77191066;1
77194245;8
77194246;6
77194247;4
77195402;2
77201971;8
77201979;3
77205327;4
77205333;9
77205339;8
77205603;6
77205605;2
77218857;9
77223698;0
77223699;9
77223701;4
77223702;2
77227825;K
77227826;8
77227827;6
77227832;2
77230999;6
77231005;6
77231006;4
77231007;2
77235633;1
77235634;K
77235635;8
77235636;6
77235647;1
77240392;5
77240393;3
77240394;1
77240395;K
77240397;6
77240398;4
77240403;4
77240414;K
77240417;4
77240418;2
77244892;9
77244897;K
77253229;6
77253231;8
77257172;0
77257772;9
77257774;5
77261938;3
77266651;9
77266668;3
77266669;1
77266671;3
77270945;5
77270947;1
77275164;8
77275168;0
77275169;9
77275171;0
77279034;1
77279062;7
77279063;5
77279064;3
77279081;3
77279082;1
77279086;4
77282295;2
77285397;1
77285712;8
77290677;3
77294813;1
77294814;K
77294822;0
77294834;4
77354240;6
77371835;0
77371836;9
77375300;8
77419310;3
77532231;4
77584950;9
77584960;6
77729947;6
77765540;K
77777777;7
78013910;2
78447350;3
78773510;K
88888888;8
96825560;6
96825570;3
96874490;9
96899670;3
96914030;6
97946000;7
97975000;5
